major_name,major_url,table_index,course_name,course_code,credits,raw_cells
Công nghệ thông tin,https://fit.neu.edu.vn/major/cong-nghe-thong-tin-7480201,0,Pháp luật đại cương,LUCS1129,3,"['1', '1', 'Pháp luật đại cương', 'LUCS1129', '3', '', '3', '', '', '', '', '', '', 'II']"
Công nghệ thông tin,https://fit.neu.edu.vn/major/cong-nghe-thong-tin-7480201,0,Triết học Mác - Lênin,LLNL1105,3,"['2', '2', 'Triết học Mác - Lênin', 'LLNL1105', '3', '', '3', '', '', '', '', '', '', 'II']"
Công nghệ thông tin,https://fit.neu.edu.vn/major/cong-nghe-thong-tin-7480201,0,Kinh tế chính trị Mác - Lênin,LLNL1106,2,"['3', '3', 'Kinh tế chính trị Mác - Lênin', 'LLNL1106', '2', '', '', '2', '', '', '', '', '', 'III']"
Công nghệ thông tin,https://fit.neu.edu.vn/major/cong-nghe-thong-tin-7480201,0,Chủ nghĩa xã hội khoa học,LLNL1107,2,"['4', '4', 'Chủ nghĩa xã hội khoa học', 'LLNL1107', '2', '', '', '', '2', '', '', '', '', 'IV']"
Công nghệ thông tin,https://fit.neu.edu.vn/major/cong-nghe-thong-tin-7480201,0,Tư tưởng Hồ Chí Minh,LLTT1101,2,"['5', '5', 'Tư tưởng Hồ Chí Minh', 'LLTT1101', '2', '', '', '', '', '2', '', '', '', 'V']"
Công nghệ thông tin,https://fit.neu.edu.vn/major/cong-nghe-thong-tin-7480201,0,Lịch sử Đảng Cộng sản Việt Nam,LLDL1102,2,"['6', '6', 'Lịch sử Đảng Cộng sản Việt Nam', 'LLDL1102', '2', '', '', '', '', '', '2', '', '', 'VI']"
Công nghệ thông tin,https://fit.neu.edu.vn/major/cong-nghe-thong-tin-7480201,0,Tiếng Anh 1,NNKC1131,3,"['7', '1', 'Tiếng Anh 1', 'NNKC1131', '3', '', '', '', '', '', '', '', '', '']"
Công nghệ thông tin,https://fit.neu.edu.vn/major/cong-nghe-thong-tin-7480201,0,Tiếng Anh 2,NNKC1132,3,"['8', '2', 'Tiếng Anh 2', 'NNKC1132', '3', '', '', '', '', '', '', '', '', '']"
Công nghệ thông tin,https://fit.neu.edu.vn/major/cong-nghe-thong-tin-7480201,0,Tiếng Anh 3,NNKC1133,3,"['9', '3', 'Tiếng Anh 3', 'NNKC1133', '3', '', '', '', '', '', '', '', '', '']"
Công nghệ thông tin,https://fit.neu.edu.vn/major/cong-nghe-thong-tin-7480201,0,Kinh tế vĩ mô 1,KHMA1101,3,"['10', '4', 'Kinh tế vĩ mô 1', 'KHMA1101', '3', '3', '', '', '', '', '', '', '', 'I']"
Công nghệ thông tin,https://fit.neu.edu.vn/major/cong-nghe-thong-tin-7480201,0,Đại số tuyến tính,TOCB1101,3,"['11', '5', 'Đại số tuyến tính', 'TOCB1101', '3', '3', '', '', '', '', '', '', '', 'I']"
Công nghệ thông tin,https://fit.neu.edu.vn/major/cong-nghe-thong-tin-7480201,0,Lý thuyết xác suất và thống kê toán,TOKT1145,3,"['12', '6', 'Lý thuyết xác suất và thống kê toán', 'TOKT1145', '3', '', '3', '', '', '', '', '', '', 'II']"
Công nghệ thông tin,https://fit.neu.edu.vn/major/cong-nghe-thong-tin-7480201,0,Kinh tế vi mô 1,KHMI1101,3,"['13', '7', 'Kinh tế vi mô 1', 'KHMI1101', '3', '', '3', '', '', '', '', '', '', 'II']"
Công nghệ thông tin,https://fit.neu.edu.vn/major/cong-nghe-thong-tin-7480201,0,Vật lý đại cương,CNTT1191,3,"['14', '1', 'Vật lý đại cương', 'CNTT1191', '3', '3', '', '', '', '', '', '', '', 'I']"
Công nghệ thông tin,https://fit.neu.edu.vn/major/cong-nghe-thong-tin-7480201,0,Nhập môn công nghệ thông tin,CNTT1116,3,"['15', '2', 'Nhập môn công nghệ thông tin', 'CNTT1116', '3', '3', '', '', '', '', '', '', '', 'I']"
Công nghệ thông tin,https://fit.neu.edu.vn/major/cong-nghe-thong-tin-7480201,0,Cơ sở dữ liệu,TIKT1130,3,"['16', '3', 'Cơ sở dữ liệu', 'TIKT1130', '3', '', '3', '', '', '', '', '', '', 'II']"
Công nghệ thông tin,https://fit.neu.edu.vn/major/cong-nghe-thong-tin-7480201,0,Cấu trúc dữ liệu và giải thuật,TIHT1101,3,"['17', '4', 'Cấu trúc dữ liệu và giải thuật', 'TIHT1101', '3', '', '', '3', '', '', '', '', '', 'III']"
Công nghệ thông tin,https://fit.neu.edu.vn/major/cong-nghe-thong-tin-7480201,0,Toán rời rạc,TOCB1107,3,"['18', '1', 'Toán rời rạc', 'TOCB1107', '3', '3', '', '', '', '', '', '', '', 'I']"
Công nghệ thông tin,https://fit.neu.edu.vn/major/cong-nghe-thong-tin-7480201,0,Cơ sở lập trình,CNTT1128,3,"['19', '2', 'Cơ sở lập trình', 'CNTT1128', '3', '', '3', '', '', '', '', '', '', 'II']"
Công nghệ thông tin,https://fit.neu.edu.vn/major/cong-nghe-thong-tin-7480201,0,Phương pháp tính,CNTT1182,3,"['20', '3', 'Phương pháp tính', 'CNTT1182', '3', '', '', '3', '', '', '', '', '', 'III']"
Công nghệ thông tin,https://fit.neu.edu.vn/major/cong-nghe-thong-tin-7480201,0,Hệ điều hành,CNTT1107,3,"['21', '4', 'Hệ điều hành', 'CNTT1107', '3', '', '', '3', '', '', '', '', '', 'III']"
Công nghệ thông tin,https://fit.neu.edu.vn/major/cong-nghe-thong-tin-7480201,0,Tiếng Anh chuyên ngành,CNTT1192,3,"['22', '1', 'Tiếng Anh chuyên ngành', 'CNTT1192', '3', '', '', '3', '', '', '', '', '', 'III']"
Công nghệ thông tin,https://fit.neu.edu.vn/major/cong-nghe-thong-tin-7480201,0,Lập trình hướng đối tượng,CNTT1131,3,"['23', '2', 'Lập trình hướng đối tượng', 'CNTT1131', '3', '', '', '3', '', '', '', '', '', 'III']"
Công nghệ thông tin,https://fit.neu.edu.vn/major/cong-nghe-thong-tin-7480201,0,Kiến trúc máy tính,CNTT1112,3,"['24', '3', 'Kiến trúc máy tính', 'CNTT1112', '3', '', '', '', '3', '', '', '', '', 'IV']"
Công nghệ thông tin,https://fit.neu.edu.vn/major/cong-nghe-thong-tin-7480201,0,Hệ quản trị cơ sở dữ liệu,CNTT1152,3,"['25', '4', 'Hệ quản trị cơ sở dữ liệu', 'CNTT1152', '3', '', '', '', '3', '', '', '', '', 'IV']"
Công nghệ thông tin,https://fit.neu.edu.vn/major/cong-nghe-thong-tin-7480201,0,Mạng máy tính và truyền số liệu,CNTT1114,3,"['26', '5', 'Mạng máy tính và truyền số liệu', 'CNTT1114', '3', '', '', '', '3', '', '', '', '', 'IV']"
Công nghệ thông tin,https://fit.neu.edu.vn/major/cong-nghe-thong-tin-7480201,0,Chuyên đề thực tế - Công nghệ thông tin,CNTT1196,4,"['27', '6', 'Chuyên đề thực tế - Công nghệ thông tin', 'CNTT1196', '4', '', '', '', '', '4', '', '', '', 'V']"
Công nghệ thông tin,https://fit.neu.edu.vn/major/cong-nghe-thong-tin-7480201,0,Phân tích và thiết kế hệ thống,CNTT1117,3,"['28', '7', 'Phân tích và thiết kế hệ thống', 'CNTT1117', '3', '', '', '', '', '3', '', '', '', 'V']"
Công nghệ thông tin,https://fit.neu.edu.vn/major/cong-nghe-thong-tin-7480201,0,Phát hiện tri thức từ dữ liệu,CNTT1181,3,"['29', '8', 'Phát hiện tri thức từ dữ liệu', 'CNTT1181', '3', '', '', '', '', '3', '', '', '', 'V']"
Công nghệ thông tin,https://fit.neu.edu.vn/major/cong-nghe-thong-tin-7480201,0,Lập trình phân tích dữ liệu,CNTT1187,3,"['30', '9', 'Lập trình phân tích dữ liệu', 'CNTT1187', '3', '', '', '', '', '', '3', '', '', 'VI']"
Công nghệ thông tin,https://fit.neu.edu.vn/major/cong-nghe-thong-tin-7480201,0,Quản trị mạng,CNTT1121,3,"['31', '10', 'Quản trị mạng', 'CNTT1121', '3', '', '', '', '', '', '3', '', '', 'VI']"
Công nghệ thông tin,https://fit.neu.edu.vn/major/cong-nghe-thong-tin-7480201,0,Các công nghệ hiện đại trong công nghệ thông tin,CNTT1186,3,"['32 - 41', '1', 'Các công nghệ hiện đại trong công nghệ thông tin', 'CNTT1186', '3', '', '', '', '3', '', '', '', '', 'IV']"
Công nghệ thông tin,https://fit.neu.edu.vn/major/cong-nghe-thong-tin-7480201,0,Khóa luận tốt nghiệp - Công nghệ thông tin,CNTT1193,10,"['42', '1', 'Khóa luận tốt nghiệp - Công nghệ thông tin', 'CNTT1193', '10', '', '', '', '', '', '', '', '10', 'VIII']"
Kỹ thuật phần mềm,https://fit.neu.edu.vn/major/ky-thuat-phan-mem-EP17,0,Triết học Mác - Lênin,LLNL1105,3,"['1', '1', 'Triết học Mác - Lênin', 'LLNL1105', '3', '3', '', '', '', '', '', '', '', 'I']"
Kỹ thuật phần mềm,https://fit.neu.edu.vn/major/ky-thuat-phan-mem-EP17,0,Kinh tế chính trị Mác - Lênin,LLNL1106,2,"['2', '2', 'Kinh tế chính trị Mác - Lênin', 'LLNL1106', '2', '2', '', '', '', '', '', '', '', 'I']"
Kỹ thuật phần mềm,https://fit.neu.edu.vn/major/ky-thuat-phan-mem-EP17,0,Pháp luật đại cương,EP17.LUCS1129,3,"['3', '3', 'Pháp luật đại cương', 'EP17.LUCS1129', '3', '', '3', '', '', '', '', '', '', 'II']"
Kỹ thuật phần mềm,https://fit.neu.edu.vn/major/ky-thuat-phan-mem-EP17,0,Chủ nghĩa xã hội khoa học,LLNL1107,2,"['4', '4', 'Chủ nghĩa xã hội khoa học', 'LLNL1107', '2', '', '2', '', '', '', '', '', '', 'II']"
Kỹ thuật phần mềm,https://fit.neu.edu.vn/major/ky-thuat-phan-mem-EP17,0,Lịch sử Đảng Cộng sản Việt Nam,LLDL1102,2,"['5', '5', 'Lịch sử Đảng Cộng sản Việt Nam', 'LLDL1102', '2', '', '', '2', '', '', '', '', '', 'III']"
Kỹ thuật phần mềm,https://fit.neu.edu.vn/major/ky-thuat-phan-mem-EP17,0,Tư tưởng Hồ Chí Minh,LLTT1101,2,"['6', '6', 'Tư tưởng Hồ Chí Minh', 'LLTT1101', '2', '', '', '2', '', '', '', '', '', 'III']"
Kỹ thuật phần mềm,https://fit.neu.edu.vn/major/ky-thuat-phan-mem-EP17,0,Đại số,EP17.TOCB1101,3,"['7', '1', 'Đại số', 'EP17.TOCB1101', '3', '3', '', '', '', '', '', '', '', 'I']"
Kỹ thuật phần mềm,https://fit.neu.edu.vn/major/ky-thuat-phan-mem-EP17,0,Ngoại ngữ 1,EP17.NNKC1168,3,"['8', '2', 'Ngoại ngữ 1', 'EP17.NNKC1168', '3', '3', '', '', '', '', '', '', '', 'I']"
Kỹ thuật phần mềm,https://fit.neu.edu.vn/major/ky-thuat-phan-mem-EP17,0,Kinh tế vi mô 1,EP17.KHMI1101,3,"['9', '3', 'Kinh tế vi mô 1', 'EP17.KHMI1101', '3', '', '3', '', '', '', '', '', '', 'II']"
Kỹ thuật phần mềm,https://fit.neu.edu.vn/major/ky-thuat-phan-mem-EP17,0,Lý thuyết xác suất và thống kê toán,EP17.TOKT1145,3,"['10', '4', 'Lý thuyết xác suất và thống kê toán', 'EP17.TOKT1145', '3', '', '3', '', '', '', '', '', '', 'II']"
Kỹ thuật phần mềm,https://fit.neu.edu.vn/major/ky-thuat-phan-mem-EP17,0,Ngoại ngữ 2,EP17.NNKC1169,3,"['11', '5', 'Ngoại ngữ 2', 'EP17.NNKC1169', '3', '', '3', '', '', '', '', '', '', 'II']"
Kỹ thuật phần mềm,https://fit.neu.edu.vn/major/ky-thuat-phan-mem-EP17,0,Kinh tế vĩ mô 1,EP17.KHMA1101,3,"['12', '6', 'Kinh tế vĩ mô 1', 'EP17.KHMA1101', '3', '', '', '3', '', '', '', '', '', 'III']"
Kỹ thuật phần mềm,https://fit.neu.edu.vn/major/ky-thuat-phan-mem-EP17,0,Ngoại ngữ 3,EP17.NNKC1170,3,"['13', '7', 'Ngoại ngữ 3', 'EP17.NNKC1170', '3', '', '', '3', '', '', '', '', '', 'III']"
Kỹ thuật phần mềm,https://fit.neu.edu.vn/major/ky-thuat-phan-mem-EP17,0,Nhập môn Công nghệ thông tin,EP17.CNTT1116,3,"['14', '1', 'Nhập môn Công nghệ thông tin', 'EP17.CNTT1116', '3', '3', '', '', '', '', '', '', '', 'I']"
Kỹ thuật phần mềm,https://fit.neu.edu.vn/major/ky-thuat-phan-mem-EP17,0,Toán rời rạc,EP17.TOCB1107,3,"['15', '2', 'Toán rời rạc', 'EP17.TOCB1107', '3', '3', '', '', '', '', '', '', '', 'I']"
Kỹ thuật phần mềm,https://fit.neu.edu.vn/major/ky-thuat-phan-mem-EP17,0,Cơ sở dữ liệu,EP17.TIKT1130,3,"['16', '3', 'Cơ sở dữ liệu', 'EP17.TIKT1130', '3', '', '3', '', '', '', '', '', '', 'II']"
Kỹ thuật phần mềm,https://fit.neu.edu.vn/major/ky-thuat-phan-mem-EP17,0,Cấu trúc dữ liệu và giải thuật,EP17.TIHT1101,3,"['17', '4', 'Cấu trúc dữ liệu và giải thuật', 'EP17.TIHT1101', '3', '', '', '3', '', '', '', '', '', 'III']"
Kỹ thuật phần mềm,https://fit.neu.edu.vn/major/ky-thuat-phan-mem-EP17,0,Phương pháp tính,EP17.CNTT1182,3,"['18', '1', 'Phương pháp tính', 'EP17.CNTT1182', '3', '3', '', '', '', '', '', '', '', 'I']"
Kỹ thuật phần mềm,https://fit.neu.edu.vn/major/ky-thuat-phan-mem-EP17,0,Lập trình hướng đối tượng,EP17.CNTT1131,3,"['19', '2', 'Lập trình hướng đối tượng', 'EP17.CNTT1131', '3', '', '', '3', '', '', '', '', '', 'III']"
Kỹ thuật phần mềm,https://fit.neu.edu.vn/major/ky-thuat-phan-mem-EP17,0,Cơ sở lập trình,EP17.CNTT1128,3,"['20', '3', 'Cơ sở lập trình', 'EP17.CNTT1128', '3', '', '', '3', '', '', '', '', '', 'III']"
Kỹ thuật phần mềm,https://fit.neu.edu.vn/major/ky-thuat-phan-mem-EP17,0,Hệ điều hành,EP17.CNTT1107,3,"['21', '4', 'Hệ điều hành', 'EP17.CNTT1107', '3', '', '', '3', '', '', '', '', '', 'III']"
Kỹ thuật phần mềm,https://fit.neu.edu.vn/major/ky-thuat-phan-mem-EP17,0,Tiếng Anh chuyên ngành,EP17.CNTT1192,3,"['22', '1', 'Tiếng Anh chuyên ngành', 'EP17.CNTT1192', '3', '', '', '3', '', '', '', '', '', 'III']"
Kỹ thuật phần mềm,https://fit.neu.edu.vn/major/ky-thuat-phan-mem-EP17,0,Phân tích nghiệp vụ,EP17.CNTT1137,3,"['23', '2', 'Phân tích nghiệp vụ', 'EP17.CNTT1137', '3', '', '', '', '3', '', '', '', '', 'IV']"
Kỹ thuật phần mềm,https://fit.neu.edu.vn/major/ky-thuat-phan-mem-EP17,0,Hệ quản trị cơ sở dữ liệu,EP17.CNTT1152,3,"['24', '3', 'Hệ quản trị cơ sở dữ liệu', 'EP17.CNTT1152', '3', '', '', '', '3', '', '', '', '', 'IV']"
Kỹ thuật phần mềm,https://fit.neu.edu.vn/major/ky-thuat-phan-mem-EP17,0,Quản lý dự án Công nghệ thông tin,EP17.CNTT1159,3,"['25', '4', 'Quản lý dự án Công nghệ thông tin', 'EP17.CNTT1159', '3', '', '', '', '3', '', '', '', '', 'IV']"
Kỹ thuật phần mềm,https://fit.neu.edu.vn/major/ky-thuat-phan-mem-EP17,0,Kiến trúc và thiết kế phần mềm,EP17.CNTT11109,3,"['26', '5', 'Kiến trúc và thiết kế phần mềm', 'EP17.CNTT11109', '3', '', '', '', '', '3', '', '', '', 'V']"
Kỹ thuật phần mềm,https://fit.neu.edu.vn/major/ky-thuat-phan-mem-EP17,0,Phân tích và thiết kế hệ thống,EP17.CNTT1117,3,"['27', '6', 'Phân tích và thiết kế hệ thống', 'EP17.CNTT1117', '3', '', '', '', '', '3', '', '', '', 'V']"
Kỹ thuật phần mềm,https://fit.neu.edu.vn/major/ky-thuat-phan-mem-EP17,0,Bảo mật phần mềm và cơ sở dữ liệu,EP17.CNTT1199,3,"['28', '7', 'Bảo mật phần mềm và cơ sở dữ liệu', 'EP17.CNTT1199', '3', '', '', '', '', '3', '', '', '', 'V']"
Kỹ thuật phần mềm,https://fit.neu.edu.vn/major/ky-thuat-phan-mem-EP17,0,Chuyên đề thực tế - Kỹ thuật phần mềm,EP17.CNTT11108,4,"['29', '8', 'Chuyên đề thực tế - Kỹ thuật phần mềm', 'EP17.CNTT11108', '4', '', '', '', '', '4', '', '', '', 'V']"
Kỹ thuật phần mềm,https://fit.neu.edu.vn/major/ky-thuat-phan-mem-EP17,0,Kiểm thử và đảm bảo chất lượng phần mềm,EP17.CNTT1178,3,"['30', '9', 'Kiểm thử và đảm bảo chất lượng phần mềm', 'EP17.CNTT1178', '3', '', '', '', '', '', '3', '', '', 'VI']"
Kỹ thuật phần mềm,https://fit.neu.edu.vn/major/ky-thuat-phan-mem-EP17,0,Kỹ nghệ phần mềm,EP17.TIHT1104,3,"['31', '10', 'Kỹ nghệ phần mềm', 'EP17.TIHT1104', '3', '', '', '', '', '', '3', '', '', 'VI']"
Kỹ thuật phần mềm,https://fit.neu.edu.vn/major/ky-thuat-phan-mem-EP17,0,Phát triển ứng dụng trí tuệ nhân tạo,EP17.CNTT11114,3,"['32', '1', 'Phát triển ứng dụng trí tuệ nhân tạo', 'EP17.CNTT11114', '3', '', '', '', '', '3', '', '', '', 'V']"
Kỹ thuật phần mềm,https://fit.neu.edu.vn/major/ky-thuat-phan-mem-EP17,0,Khóa luận tốt nghiệp - Kỹ thuật phần mềm,EP17.CNTT11110,10,"['33', '2', 'Khóa luận tốt nghiệp - Kỹ thuật phần mềm', 'EP17.CNTT11110', '10', '', '', '', '', '', '', '', '', 'X']"
Kỹ thuật phần mềm,https://fit.neu.edu.vn/major/ky-thuat-phan-mem-EP17,0,Lập trình Python,EP17.CNTT1180,3,"['34 - 43', '1', 'Lập trình Python', 'EP17.CNTT1180', '3', '', '', '', '3', '', '', '', '', 'IV']"
Kỹ thuật phần mềm,https://fit.neu.edu.vn/major/ky-thuat-phan-mem-EP17,0,Ứng dụng trí tuệ nhân tạo trong kinh doanh và quản lý,EP17.TIHT1123,3,"['44', '1', 'Ứng dụng trí tuệ nhân tạo trong kinh doanh và quản lý', 'EP17.TIHT1123', '3', '', '', '', '', '3', '', '', '', 'V']"
Khoa học máy tính,https://fit.neu.edu.vn/major/khoa-hoc-may-tinh-7480101,0,Triết học Mác - Lênin,LLNL1105,3,"['1', '1', 'Triết học Mác - Lênin', 'LLNL1105', '3', '', '3', '', '', '', '', '', '', 'II']"
Khoa học máy tính,https://fit.neu.edu.vn/major/khoa-hoc-may-tinh-7480101,0,Pháp luật đại cương,LUCS1129,3,"['2', '2', 'Pháp luật đại cương', 'LUCS1129', '3', '', '3', '', '', '', '', '', '', 'II']"
Khoa học máy tính,https://fit.neu.edu.vn/major/khoa-hoc-may-tinh-7480101,0,Kinh tế chính trị Mác - Lênin,LLNL1106,2,"['3', '3', 'Kinh tế chính trị Mác - Lênin', 'LLNL1106', '2', '', '', '2', '', '', '', '', '', 'III']"
Khoa học máy tính,https://fit.neu.edu.vn/major/khoa-hoc-may-tinh-7480101,0,Chủ nghĩa xã hội khoa học,LLNL1107,2,"['4', '4', 'Chủ nghĩa xã hội khoa học', 'LLNL1107', '2', '', '', '', '2', '', '', '', '', 'IV']"
Khoa học máy tính,https://fit.neu.edu.vn/major/khoa-hoc-may-tinh-7480101,0,Tư tưởng Hồ Chí Minh,LLTT1101,2,"['5', '5', 'Tư tưởng Hồ Chí Minh', 'LLTT1101', '2', '', '', '', '', '2', '', '', '', 'V']"
Khoa học máy tính,https://fit.neu.edu.vn/major/khoa-hoc-may-tinh-7480101,0,Lịch sử Đảng Cộng sản Việt Nam,LLDL1102,2,"['6', '6', 'Lịch sử Đảng Cộng sản Việt Nam', 'LLDL1102', '2', '', '', '', '', '', '2', '', '', 'VI']"
Khoa học máy tính,https://fit.neu.edu.vn/major/khoa-hoc-may-tinh-7480101,0,Tiếng Anh 1,NNKC1131,3,"['7', '1', 'Tiếng Anh 1', 'NNKC1131', '3', '', '', '', '', '', '', '', '', '']"
Khoa học máy tính,https://fit.neu.edu.vn/major/khoa-hoc-may-tinh-7480101,0,Tiếng Anh 2,NNKC1132,3,"['8', '2', 'Tiếng Anh 2', 'NNKC1132', '3', '', '', '', '', '', '', '', '', '']"
Khoa học máy tính,https://fit.neu.edu.vn/major/khoa-hoc-may-tinh-7480101,0,Tiếng Anh 3,NNKC1133,3,"['9', '3', 'Tiếng Anh 3', 'NNKC1133', '3', '', '', '', '', '', '', '', '', '']"
Khoa học máy tính,https://fit.neu.edu.vn/major/khoa-hoc-may-tinh-7480101,0,Đại số tuyến tính,TOCB1101,3,"['10', '4', 'Đại số tuyến tính', 'TOCB1101', '3', '3', '', '', '', '', '', '', '', 'I']"
Khoa học máy tính,https://fit.neu.edu.vn/major/khoa-hoc-may-tinh-7480101,0,Kinh tế vĩ mô 1,KHMA1101,3,"['11', '5', 'Kinh tế vĩ mô 1', 'KHMA1101', '3', '3', '', '', '', '', '', '', '', 'I']"
Khoa học máy tính,https://fit.neu.edu.vn/major/khoa-hoc-may-tinh-7480101,0,Kinh tế vi mô 1,KHMI1101,3,"['12', '6', 'Kinh tế vi mô 1', 'KHMI1101', '3', '', '3', '', '', '', '', '', '', 'II']"
Khoa học máy tính,https://fit.neu.edu.vn/major/khoa-hoc-may-tinh-7480101,0,Lý thuyết xác suất và thống kê toán,TOKT1145,3,"['13', '7', 'Lý thuyết xác suất và thống kê toán', 'TOKT1145', '3', '', '3', '', '', '', '', '', '', 'II']"
Khoa học máy tính,https://fit.neu.edu.vn/major/khoa-hoc-may-tinh-7480101,0,Vật lý đại cương,CNTT1191,3,"['14', '1', 'Vật lý đại cương', 'CNTT1191', '3', '3', '', '', '', '', '', '', '', 'I']"
Khoa học máy tính,https://fit.neu.edu.vn/major/khoa-hoc-may-tinh-7480101,0,Nhập môn công nghệ thông tin,CNTT1116,3,"['15', '2', 'Nhập môn công nghệ thông tin', 'CNTT1116', '3', '3', '', '', '', '', '', '', '', 'I']"
Khoa học máy tính,https://fit.neu.edu.vn/major/khoa-hoc-may-tinh-7480101,0,Cơ sở dữ liệu,TIKT1130,3,"['16', '3', 'Cơ sở dữ liệu', 'TIKT1130', '3', '', '3', '', '', '', '', '', '', 'II']"
Khoa học máy tính,https://fit.neu.edu.vn/major/khoa-hoc-may-tinh-7480101,0,Cấu trúc dữ liệu và giải thuật,TIHT1101,3,"['17', '4', 'Cấu trúc dữ liệu và giải thuật', 'TIHT1101', '3', '', '', '3', '', '', '', '', '', 'III']"
Khoa học máy tính,https://fit.neu.edu.vn/major/khoa-hoc-may-tinh-7480101,0,Toán rời rạc,TOCB1107,3,"['18', '1', 'Toán rời rạc', 'TOCB1107', '3', '3', '', '', '', '', '', '', '', 'I']"
Khoa học máy tính,https://fit.neu.edu.vn/major/khoa-hoc-may-tinh-7480101,0,Cơ sở lập trình,CNTT1128,3,"['19', '2', 'Cơ sở lập trình', 'CNTT1128', '3', '', '3', '', '', '', '', '', '', 'II']"
Khoa học máy tính,https://fit.neu.edu.vn/major/khoa-hoc-may-tinh-7480101,0,Hệ điều hành,CNTT1107,3,"['20', '3', 'Hệ điều hành', 'CNTT1107', '3', '', '', '3', '', '', '', '', '', 'III']"
Khoa học máy tính,https://fit.neu.edu.vn/major/khoa-hoc-may-tinh-7480101,0,Phương pháp tính,CNTT1182,3,"['21', '4', 'Phương pháp tính', 'CNTT1182', '3', '', '', '3', '', '', '', '', '', 'III']"
Khoa học máy tính,https://fit.neu.edu.vn/major/khoa-hoc-may-tinh-7480101,0,Lập trình hướng đối tượng,CNTT1131,3,"['22', '1', 'Lập trình hướng đối tượng', 'CNTT1131', '3', '', '', '3', '', '', '', '', '', 'III']"
Khoa học máy tính,https://fit.neu.edu.vn/major/khoa-hoc-may-tinh-7480101,0,Hệ quản trị cơ sở dữ liệu,CNTT1152,3,"['23', '2', 'Hệ quản trị cơ sở dữ liệu', 'CNTT1152', '3', '', '', '', '3', '', '', '', '', 'IV']"
Khoa học máy tính,https://fit.neu.edu.vn/major/khoa-hoc-may-tinh-7480101,0,Tiếng Anh chuyên ngành,CNTT1192,3,"['24', '3', 'Tiếng Anh chuyên ngành', 'CNTT1192', '3', '', '', '', '3', '', '', '', '', 'IV']"
Khoa học máy tính,https://fit.neu.edu.vn/major/khoa-hoc-may-tinh-7480101,0,Kiến trúc máy tính,CNTT1112,3,"['25', '4', 'Kiến trúc máy tính', 'CNTT1112', '3', '', '', '', '3', '', '', '', '', 'IV']"
Khoa học máy tính,https://fit.neu.edu.vn/major/khoa-hoc-may-tinh-7480101,0,Chuyên đề thực tế - Khoa học máy tính,CNTT1195,4,"['26', '5', 'Chuyên đề thực tế - Khoa học máy tính', 'CNTT1195', '4', '', '', '', '', '4', '', '', '', 'V']"
Khoa học máy tính,https://fit.neu.edu.vn/major/khoa-hoc-may-tinh-7480101,0,Lập trình Python,CNTT1180,3,"['27', '6', 'Lập trình Python', 'CNTT1180', '3', '', '', '', '', '3', '', '', '', 'V']"
Khoa học máy tính,https://fit.neu.edu.vn/major/khoa-hoc-may-tinh-7480101,0,Trí tuệ nhân tạo,CNTT1140,3,"['28', '7', 'Trí tuệ nhân tạo', 'CNTT1140', '3', '', '', '', '', '3', '', '', '', 'V']"
Khoa học máy tính,https://fit.neu.edu.vn/major/khoa-hoc-may-tinh-7480101,0,Phân tích và thiết kế hệ thống,CNTT1117,3,"['29', '8', 'Phân tích và thiết kế hệ thống', 'CNTT1117', '3', '', '', '', '', '3', '', '', '', 'V']"
Khoa học máy tính,https://fit.neu.edu.vn/major/khoa-hoc-may-tinh-7480101,0,Phân tích và thiết kế thuật toán,CNTT1118,3,"['30', '9', 'Phân tích và thiết kế thuật toán', 'CNTT1118', '3', '', '', '', '', '', '3', '', '', 'VI']"
Khoa học máy tính,https://fit.neu.edu.vn/major/khoa-hoc-may-tinh-7480101,0,Phát hiện tri thức từ dữ liệu,CNTT1181,3,"['31', '10', 'Phát hiện tri thức từ dữ liệu', 'CNTT1181', '3', '', '', '', '', '', '3', '', '', 'VI']"
Khoa học máy tính,https://fit.neu.edu.vn/major/khoa-hoc-may-tinh-7480101,0,Lập trình Java,CNTT1153,3,"['32 - 41', '1', 'Lập trình Java', 'CNTT1153', '3', '', '', '', '3', '', '', '', '', 'IV']"
Khoa học máy tính,https://fit.neu.edu.vn/major/khoa-hoc-may-tinh-7480101,0,Khóa luận tốt nghiệp - Khoa học máy tính,CNTT1194,10,"['42', '1', 'Khóa luận tốt nghiệp - Khoa học máy tính', 'CNTT1194', '10', '', '', '', '', '', '', '', '10', 'VIII']"
An toàn thông tin,https://fit.neu.edu.vn/major/an-toan-thong-tin-7480202,0,Kinh tế chính trị Mác - Lênin,LLNL1106,2,"['1', '1', 'Kinh tế chính trị Mác - Lênin', 'LLNL1106', '2', '2', '', '', '', '', '', '', '', 'I']"
An toàn thông tin,https://fit.neu.edu.vn/major/an-toan-thong-tin-7480202,0,Pháp luật đại cương,LUCS1129,3,"['2', '2', 'Pháp luật đại cương', 'LUCS1129', '3', '', '3', '', '', '', '', '', '', 'II']"
An toàn thông tin,https://fit.neu.edu.vn/major/an-toan-thong-tin-7480202,0,Chủ nghĩa xã hội khoa học,LLNL1107,2,"['3', '3', 'Chủ nghĩa xã hội khoa học', 'LLNL1107', '2', '', '2', '', '', '', '', '', '', 'II']"
An toàn thông tin,https://fit.neu.edu.vn/major/an-toan-thong-tin-7480202,0,Triết học Mác - Lênin,LLNL1105,3,"['4', '4', 'Triết học Mác - Lênin', 'LLNL1105', '3', '', '3', '', '', '', '', '', '', 'II']"
An toàn thông tin,https://fit.neu.edu.vn/major/an-toan-thong-tin-7480202,0,Lịch sử Đảng Cộng sản Việt Nam,LLDL1102,2,"['5', '5', 'Lịch sử Đảng Cộng sản Việt Nam', 'LLDL1102', '2', '', '', '2', '', '', '', '', '', 'III']"
An toàn thông tin,https://fit.neu.edu.vn/major/an-toan-thong-tin-7480202,0,Tư tưởng Hồ Chí Minh,LLTT1101,2,"['6', '6', 'Tư tưởng Hồ Chí Minh', 'LLTT1101', '2', '', '', '2', '', '', '', '', '', 'III']"
An toàn thông tin,https://fit.neu.edu.vn/major/an-toan-thong-tin-7480202,0,Tiếng Anh 1,NNKC1131,3,"['7', '1', 'Tiếng Anh 1', 'NNKC1131', '3', '', '', '', '', '', '', '', '', '']"
An toàn thông tin,https://fit.neu.edu.vn/major/an-toan-thong-tin-7480202,0,Tiếng Anh 2,NNKC1132,3,"['8', '2', 'Tiếng Anh 2', 'NNKC1132', '3', '', '', '', '', '', '', '', '', '']"
An toàn thông tin,https://fit.neu.edu.vn/major/an-toan-thong-tin-7480202,0,Tiếng Anh 3,NNKC1133,3,"['9', '3', 'Tiếng Anh 3', 'NNKC1133', '3', '', '', '', '', '', '', '', '', '']"
An toàn thông tin,https://fit.neu.edu.vn/major/an-toan-thong-tin-7480202,0,Đại số tuyến tính,TOCB1101,3,"['10', '4', 'Đại số tuyến tính', 'TOCB1101', '3', '3', '', '', '', '', '', '', '', 'I']"
An toàn thông tin,https://fit.neu.edu.vn/major/an-toan-thong-tin-7480202,0,Kinh tế vi mô 1,KHMI1101,3,"['11', '5', 'Kinh tế vi mô 1', 'KHMI1101', '3', '', '3', '', '', '', '', '', '', 'II']"
An toàn thông tin,https://fit.neu.edu.vn/major/an-toan-thong-tin-7480202,0,Lý thuyết xác suất và thống kê toán,TOKT1145,3,"['12', '6', 'Lý thuyết xác suất và thống kê toán', 'TOKT1145', '3', '', '3', '', '', '', '', '', '', 'II']"
An toàn thông tin,https://fit.neu.edu.vn/major/an-toan-thong-tin-7480202,0,Kinh tế vĩ mô 1,KHMA1101,3,"['13', '7', 'Kinh tế vĩ mô 1', 'KHMA1101', '3', '', '', '3', '', '', '', '', '', 'III']"
An toàn thông tin,https://fit.neu.edu.vn/major/an-toan-thong-tin-7480202,0,Nhập môn công nghệ thông tin,CNTT1116,3,"['14', '1', 'Nhập môn công nghệ thông tin', 'CNTT1116', '3', '3', '', '', '', '', '', '', '', 'I']"
An toàn thông tin,https://fit.neu.edu.vn/major/an-toan-thong-tin-7480202,0,Vật lý đại cương,CNTT1191,3,"['15', '2', 'Vật lý đại cương', 'CNTT1191', '3', '3', '', '', '', '', '', '', '', 'I']"
An toàn thông tin,https://fit.neu.edu.vn/major/an-toan-thong-tin-7480202,0,Cơ sở dữ liệu,TIKT1130,3,"['16', '3', 'Cơ sở dữ liệu', 'TIKT1130', '3', '', '3', '', '', '', '', '', '', 'II']"
An toàn thông tin,https://fit.neu.edu.vn/major/an-toan-thong-tin-7480202,0,Cấu trúc dữ liệu và giải thuật,TIHT1101,3,"['17', '4', 'Cấu trúc dữ liệu và giải thuật', 'TIHT1101', '3', '', '', '3', '', '', '', '', '', 'III']"
An toàn thông tin,https://fit.neu.edu.vn/major/an-toan-thong-tin-7480202,0,Toán rời rạc,TOCB1107,3,"['18', '1', 'Toán rời rạc', 'TOCB1107', '3', '3', '', '', '', '', '', '', '', 'I']"
An toàn thông tin,https://fit.neu.edu.vn/major/an-toan-thong-tin-7480202,0,Cơ sở lập trình,CNTT1128,3,"['19', '2', 'Cơ sở lập trình', 'CNTT1128', '3', '', '3', '', '', '', '', '', '', 'II']"
An toàn thông tin,https://fit.neu.edu.vn/major/an-toan-thong-tin-7480202,0,Hệ điều hành,CNTT1107,3,"['20', '3', 'Hệ điều hành', 'CNTT1107', '3', '', '', '3', '', '', '', '', '', 'III']"
An toàn thông tin,https://fit.neu.edu.vn/major/an-toan-thong-tin-7480202,0,Phương pháp tính,CNTT1182,3,"['21', '4', 'Phương pháp tính', 'CNTT1182', '3', '', '', '3', '', '', '', '', '', 'III']"
An toàn thông tin,https://fit.neu.edu.vn/major/an-toan-thong-tin-7480202,0,Mật mã và bảo mật thông tin,CNTT11105,3,"['22', '1', 'Mật mã và bảo mật thông tin', 'CNTT11105', '3', '', '', '3', '', '', '', '', '', 'III']"
An toàn thông tin,https://fit.neu.edu.vn/major/an-toan-thong-tin-7480202,0,Hệ điều hành Linux/Unix,CNTT11103,3,"['23', '2', 'Hệ điều hành Linux/Unix', 'CNTT11103', '3', '', '', '', '3', '', '', '', '', 'IV']"
An toàn thông tin,https://fit.neu.edu.vn/major/an-toan-thong-tin-7480202,0,Mạng máy tính và truyền số liệu,CNTT1114,3,"['24', '3', 'Mạng máy tính và truyền số liệu', 'CNTT1114', '3', '', '', '', '3', '', '', '', '', 'IV']"
An toàn thông tin,https://fit.neu.edu.vn/major/an-toan-thong-tin-7480202,0,Hệ quản trị cơ sở dữ liệu,CNTT1152,3,"['25', '4', 'Hệ quản trị cơ sở dữ liệu', 'CNTT1152', '3', '', '', '', '3', '', '', '', '', 'IV']"
An toàn thông tin,https://fit.neu.edu.vn/major/an-toan-thong-tin-7480202,0,Chuyên đề thực tế - An toàn thông tin,CNTT11101,4,"['26', '5', 'Chuyên đề thực tế - An toàn thông tin', 'CNTT11101', '4', '', '', '', '', '4', '', '', '', 'V']"
An toàn thông tin,https://fit.neu.edu.vn/major/an-toan-thong-tin-7480202,0,Bảo mật phần mềm và cơ sở dữ liệu,CNTT1199,3,"['27', '6', 'Bảo mật phần mềm và cơ sở dữ liệu', 'CNTT1199', '3', '', '', '', '', '3', '', '', '', 'V']"
An toàn thông tin,https://fit.neu.edu.vn/major/an-toan-thong-tin-7480202,0,Phân tích và thiết kế hệ thống,CNTT1117,3,"['28', '7', 'Phân tích và thiết kế hệ thống', 'CNTT1117', '3', '', '', '', '', '3', '', '', '', 'V']"
An toàn thông tin,https://fit.neu.edu.vn/major/an-toan-thong-tin-7480202,0,Quản trị mạng,CNTT1121,3,"['29', '8', 'Quản trị mạng', 'CNTT1121', '3', '', '', '', '', '3', '', '', '', 'V']"
An toàn thông tin,https://fit.neu.edu.vn/major/an-toan-thong-tin-7480202,0,Tiếng Anh chuyên ngành,CNTT1192,3,"['30', '9', 'Tiếng Anh chuyên ngành', 'CNTT1192', '3', '', '', '', '', '3', '', '', '', 'V']"
An toàn thông tin,https://fit.neu.edu.vn/major/an-toan-thong-tin-7480202,0,Đánh giá lỗ hổng bảo mật và kiểm thử xâm nhập,CNTT11102,3,"['31', '10', 'Đánh giá lỗ hổng bảo mật và kiểm thử xâm nhập', 'CNTT11102', '3', '', '', '', '', '', '3', '', '', 'VI']"
An toàn thông tin,https://fit.neu.edu.vn/major/an-toan-thong-tin-7480202,0,Lập trình Java,CNTT1153,3,"['32 - 41', '1', 'Lập trình Java', 'CNTT1153', '3', '', '', '', '3', '', '', '', '', 'IV']"
An toàn thông tin,https://fit.neu.edu.vn/major/an-toan-thong-tin-7480202,0,Khóa luận tốt nghiệp - An toàn thông tin,CNTT11104,10,"['42', '1', 'Khóa luận tốt nghiệp - An toàn thông tin', 'CNTT11104', '10', '', '', '', '', '', '', '', '10', 'VIII']"
CNTT và Chuyển đổi số CLC,https://fit.neu.edu.vn/major/cong-nghe-thong-tin-va-chuyen-doi-so-clc-7480201,0,Pháp luật đại cương,LUCS1129,3,"['1', '1', 'Pháp luật đại cương', 'LUCS1129', '3', '3', '', '', '', '', '', '', '', 'I']"
CNTT và Chuyển đổi số CLC,https://fit.neu.edu.vn/major/cong-nghe-thong-tin-va-chuyen-doi-so-clc-7480201,0,Triết học Mác - Lênin,LLNL1105,3,"['2', '2', 'Triết học Mác - Lênin', 'LLNL1105', '3', '3', '', '', '', '', '', '', '', 'I']"
CNTT và Chuyển đổi số CLC,https://fit.neu.edu.vn/major/cong-nghe-thong-tin-va-chuyen-doi-so-clc-7480201,0,Chủ nghĩa xã hội khoa học,LLNL1107,2,"['3', '3', 'Chủ nghĩa xã hội khoa học', 'LLNL1107', '2', '', '2', '', '', '', '', '', '', 'II']"
CNTT và Chuyển đổi số CLC,https://fit.neu.edu.vn/major/cong-nghe-thong-tin-va-chuyen-doi-so-clc-7480201,0,Kinh tế chính trị Mác - Lênin,LLNL1106,2,"['4', '4', 'Kinh tế chính trị Mác - Lênin', 'LLNL1106', '2', '', '2', '', '', '', '', '', '', 'II']"
CNTT và Chuyển đổi số CLC,https://fit.neu.edu.vn/major/cong-nghe-thong-tin-va-chuyen-doi-so-clc-7480201,0,Tư tưởng Hồ Chí Minh,LLTT1101,2,"['5', '5', 'Tư tưởng Hồ Chí Minh', 'LLTT1101', '2', '', '', '2', '', '', '', '', '', 'III']"
CNTT và Chuyển đổi số CLC,https://fit.neu.edu.vn/major/cong-nghe-thong-tin-va-chuyen-doi-so-clc-7480201,0,Lịch sử Đảng Cộng sản Việt Nam,LLDL1102,2,"['6', '6', 'Lịch sử Đảng Cộng sản Việt Nam', 'LLDL1102', '2', '', '', '2', '', '', '', '', '', 'III']"
CNTT và Chuyển đổi số CLC,https://fit.neu.edu.vn/major/cong-nghe-thong-tin-va-chuyen-doi-so-clc-7480201,0,Toán cho các nhà kinh tế,TOCB1110,3,"['7', '1', 'Toán cho các nhà kinh tế', 'TOCB1110', '3', '3', '', '', '', '', '', '', '', 'I']"
CNTT và Chuyển đổi số CLC,https://fit.neu.edu.vn/major/cong-nghe-thong-tin-va-chuyen-doi-so-clc-7480201,0,Kinh tế vi mô 1,KHMI1101,3,"['8', '2', 'Kinh tế vi mô 1', 'KHMI1101', '3', '', '3', '', '', '', '', '', '', 'II']"
CNTT và Chuyển đổi số CLC,https://fit.neu.edu.vn/major/cong-nghe-thong-tin-va-chuyen-doi-so-clc-7480201,0,Lý thuyết xác suất và thống kê toán,TOKT1145,3,"['9', '3', 'Lý thuyết xác suất và thống kê toán', 'TOKT1145', '3', '', '3', '', '', '', '', '', '', 'II']"
CNTT và Chuyển đổi số CLC,https://fit.neu.edu.vn/major/cong-nghe-thong-tin-va-chuyen-doi-so-clc-7480201,0,Kinh tế vĩ mô 1,KHMA1101,3,"['10', '4', 'Kinh tế vĩ mô 1', 'KHMA1101', '3', '', '', '3', '', '', '', '', '', 'III']"
CNTT và Chuyển đổi số CLC,https://fit.neu.edu.vn/major/cong-nghe-thong-tin-va-chuyen-doi-so-clc-7480201,0,Vật lý đại cương,CNTT1191,3,"['11', '1', 'Vật lý đại cương', 'CNTT1191', '3', '3', '', '', '', '', '', '', '', 'I']"
CNTT và Chuyển đổi số CLC,https://fit.neu.edu.vn/major/cong-nghe-thong-tin-va-chuyen-doi-so-clc-7480201,0,Nhập môn công nghệ thông tin,CNTT1116,3,"['12', '2', 'Nhập môn công nghệ thông tin', 'CNTT1116', '3', '3', '', '', '', '', '', '', '', 'I']"
CNTT và Chuyển đổi số CLC,https://fit.neu.edu.vn/major/cong-nghe-thong-tin-va-chuyen-doi-so-clc-7480201,0,Cấu trúc dữ liệu và giải thuật,TIHT1101,3,"['13', '3', 'Cấu trúc dữ liệu và giải thuật', 'TIHT1101', '3', '', '3', '', '', '', '', '', '', 'II']"
CNTT và Chuyển đổi số CLC,https://fit.neu.edu.vn/major/cong-nghe-thong-tin-va-chuyen-doi-so-clc-7480201,0,Cơ sở dữ liệu,TIKT1130,3,"['14', '4', 'Cơ sở dữ liệu', 'TIKT1130', '3', '', '3', '', '', '', '', '', '', 'II']"
CNTT và Chuyển đổi số CLC,https://fit.neu.edu.vn/major/cong-nghe-thong-tin-va-chuyen-doi-so-clc-7480201,0,Cơ sở lập trình,CNTT1128E,3,"['15', '1', 'Cơ sở lập trình', 'CNTT1128E', '3', '3', '', '', '', '', '', '', '', 'I']"
CNTT và Chuyển đổi số CLC,https://fit.neu.edu.vn/major/cong-nghe-thong-tin-va-chuyen-doi-so-clc-7480201,0,Toán rời rạc,TOCB1107,3,"['16', '2', 'Toán rời rạc', 'TOCB1107', '3', '', '3', '', '', '', '', '', '', 'II']"
CNTT và Chuyển đổi số CLC,https://fit.neu.edu.vn/major/cong-nghe-thong-tin-va-chuyen-doi-so-clc-7480201,0,Hệ điều hành,CNTT1107,3,"['17', '3', 'Hệ điều hành', 'CNTT1107', '3', '', '', '3', '', '', '', '', '', 'III']"
CNTT và Chuyển đổi số CLC,https://fit.neu.edu.vn/major/cong-nghe-thong-tin-va-chuyen-doi-so-clc-7480201,0,Phương pháp tính,CNTT1182,3,"['18', '4', 'Phương pháp tính', 'CNTT1182', '3', '', '', '3', '', '', '', '', '', 'III']"
CNTT và Chuyển đổi số CLC,https://fit.neu.edu.vn/major/cong-nghe-thong-tin-va-chuyen-doi-so-clc-7480201,0,Chuyển đổi số,TIKT1140E,3,"['19', '1', 'Chuyển đổi số', 'TIKT1140E', '3', '', '', '3', '', '', '', '', '', 'III']"
CNTT và Chuyển đổi số CLC,https://fit.neu.edu.vn/major/cong-nghe-thong-tin-va-chuyen-doi-so-clc-7480201,0,Lập trình hướng đối tượng,CNTT1131E,3,"['20', '2', 'Lập trình hướng đối tượng', 'CNTT1131E', '3', '', '', '3', '', '', '', '', '', 'III']"
CNTT và Chuyển đổi số CLC,https://fit.neu.edu.vn/major/cong-nghe-thong-tin-va-chuyen-doi-so-clc-7480201,0,Mạng máy tính và truyền số liệu,CNTT1114,3,"['21', '3', 'Mạng máy tính và truyền số liệu', 'CNTT1114', '3', '', '', '3', '', '', '', '', '', 'III']"
CNTT và Chuyển đổi số CLC,https://fit.neu.edu.vn/major/cong-nghe-thong-tin-va-chuyen-doi-so-clc-7480201,0,Lập trình Python,CNTT1180E,3,"['22', '4', 'Lập trình Python', 'CNTT1180E', '3', '', '', '', '3', '', '', '', '', 'IV']"
CNTT và Chuyển đổi số CLC,https://fit.neu.edu.vn/major/cong-nghe-thong-tin-va-chuyen-doi-so-clc-7480201,0,Hệ quản trị cơ sở dữ liệu,CNTT1152E,3,"['23', '5', 'Hệ quản trị cơ sở dữ liệu', 'CNTT1152E', '3', '', '', '', '3', '', '', '', '', 'IV']"
CNTT và Chuyển đổi số CLC,https://fit.neu.edu.vn/major/cong-nghe-thong-tin-va-chuyen-doi-so-clc-7480201,0,Kiến trúc máy tính,CNTT1112E,3,"['24', '6', 'Kiến trúc máy tính', 'CNTT1112E', '3', '', '', '', '3', '', '', '', '', 'IV']"
CNTT và Chuyển đổi số CLC,https://fit.neu.edu.vn/major/cong-nghe-thong-tin-va-chuyen-doi-so-clc-7480201,0,Chuyên đề thực tế - Công nghệ thông tin,CNTT1196,4,"['25', '7', 'Chuyên đề thực tế - Công nghệ thông tin', 'CNTT1196', '4', '', '', '', '', '4', '', '', '', 'V']"
CNTT và Chuyển đổi số CLC,https://fit.neu.edu.vn/major/cong-nghe-thong-tin-va-chuyen-doi-so-clc-7480201,0,Phân tích và thiết kế hệ thống,CNTT1117,3,"['26', '8', 'Phân tích và thiết kế hệ thống', 'CNTT1117', '3', '', '', '', '', '3', '', '', '', 'V']"
CNTT và Chuyển đổi số CLC,https://fit.neu.edu.vn/major/cong-nghe-thong-tin-va-chuyen-doi-so-clc-7480201,0,Phân tích dữ liệu chuỗi thời gian và dự báo,TOKT11122E,3,"['27', '9', 'Phân tích dữ liệu chuỗi thời gian và dự báo', 'TOKT11122E', '3', '', '', '', '', '3', '', '', '', 'V']"
CNTT và Chuyển đổi số CLC,https://fit.neu.edu.vn/major/cong-nghe-thong-tin-va-chuyen-doi-so-clc-7480201,0,Phát hiện tri thức từ dữ liệu,CNTT1181E,3,"['28', '10', 'Phát hiện tri thức từ dữ liệu', 'CNTT1181E', '3', '', '', '', '', '', '3', '', '', 'VI']"
CNTT và Chuyển đổi số CLC,https://fit.neu.edu.vn/major/cong-nghe-thong-tin-va-chuyen-doi-so-clc-7480201,0,Lập trình Java,CNTT1153,3,"['29 - 38', '1', 'Lập trình Java', 'CNTT1153', '3', '', '', '', '3', '', '', '', '', 'IV']"
